City_ID,City,Lat,Lng,Max Temp,Humidity,Cloudiness,Wind Speed,Country,Date
0,bluff,-46.6,168.3333,55.8,86,47,17.05,NZ,1680372480
1,bredasdorp,-34.5322,20.0403,63.07,92,0,5.88,ZA,1680372482
2,muli,2.9167,73.5667,82.58,72,11,3.74,MV,1680372483
3,rikitea,-23.1203,-134.9692,80.02,81,30,14.43,PF,1680372483
4,sistranda,63.7256,8.834,37.36,67,59,18.7,NO,1680372484
5,saldanha,-33.0117,17.9442,63.84,83,5,15.39,ZA,1680372485
6,albany,42.6001,-73.9662,68.41,67,74,7.0,US,1680371959
7,vestmanna,62.1564,-7.1664,43.72,81,100,10.36,FO,1680372486
8,kapaa,22.0752,-159.319,71.92,93,100,6.91,US,1680372486
9,rundu,-17.9333,19.7667,76.59,47,78,4.74,NA,1680372487
10,busselton,-33.65,115.3333,58.95,88,1,8.21,AU,1680372273
11,tasiilaq,65.6145,-37.6368,32.16,85,100,6.06,GL,1680372489
12,hermanus,-34.4187,19.2345,64.8,76,0,12.55,ZA,1680372490
13,hasaki,35.7333,140.8333,56.21,55,52,9.37,JP,1680372490
14,tabou,4.423,-7.3528,81.97,77,35,7.43,CI,1680372491
15,poum,-20.2333,164.0167,78.03,75,7,3.24,NC,1680372492
16,rajula,21.05,71.4333,78.46,58,16,10.13,IN,1680372492
17,pochutla,15.7432,-96.4661,90.82,43,26,9.86,MX,1680372493
18,bilma,18.6853,12.9164,79.39,6,69,6.91,NE,1680372494
19,sao geraldo do araguaia,-6.4006,-48.555,79.9,88,100,1.88,BR,1680372494
20,provideniya,64.3833,-173.3,21.29,96,97,9.53,RU,1680372495
21,borovskoy,53.8,64.15,31.42,73,7,11.34,KZ,1680372495
22,rawson,-43.3002,-65.1023,77.34,28,79,21.72,AR,1680372496
23,nikolskoye,59.7035,30.7861,33.69,95,100,5.86,RU,1680372497
24,chokurdakh,70.6333,147.9167,-28.07,100,94,6.98,RU,1680372498
25,sydney,-33.8679,151.2073,61.63,91,75,20.71,AU,1680372477
26,yima,34.7381,111.8839,57.56,77,42,14.74,CN,1680372499
27,xam nua,20.4197,104.0439,66.45,62,16,3.13,LA,1680372500
28,jacqueville,5.2052,-4.4146,81.41,80,86,10.6,CI,1680372500
29,hobart,-42.8794,147.3294,54.27,79,100,11.5,AU,1680372425
30,altinopolis,-21.0256,-47.3739,85.35,57,28,5.82,BR,1680372501
31,margate,51.3813,1.3862,49.89,86,100,8.01,GB,1680372502
32,upernavik,72.7868,-56.1549,-15.74,94,74,12.71,GL,1680372207
33,atuona,-9.8,-139.0333,80.35,78,77,15.88,PF,1680372503
34,asau,46.4333,26.4,47.32,90,100,1.43,RO,1680372504
35,henderson,36.0397,-114.9819,64.67,24,0,3.44,US,1680372456
36,kruisfontein,-34.0033,24.7314,61.57,64,0,7.56,ZA,1680372506
37,tuktoyaktuk,69.4541,-133.0374,-8.99,91,8,9.53,CA,1680372507
38,uryupinsk,50.8047,42.0138,46.62,75,51,6.38,RU,1680372508
39,petropavlovsk-kamchatskiy,53.0452,158.6483,23.59,74,0,4.47,RU,1680372252
40,beringovskiy,63.05,179.3167,17.6,65,64,25.52,RU,1680372510
41,mar del plata,-38.0023,-57.5575,69.84,55,0,9.22,AR,1680372511
42,imbituba,-28.24,-48.6703,72.25,50,33,19.44,BR,1680372512
43,batagay,67.6333,134.6333,-24.88,100,91,1.95,RU,1680372513
44,faya,18.3851,42.4509,61.32,73,88,7.2,SA,1680372514
45,aksarka,66.5606,67.7975,34.25,99,100,17.81,RU,1680372514
46,namatanai,-3.6667,152.4333,77.34,82,100,5.66,PG,1680372275
47,yellowknife,62.456,-114.3525,6.84,91,100,18.43,CA,1680372516
48,awbari,26.5921,12.7805,73.83,11,0,7.11,LY,1680372516
49,jamestown,42.097,-79.2353,61.02,39,75,37.98,US,1680372435
50,sorong,-0.8833,131.25,79.18,83,99,3.85,ID,1680372517
51,seoul,37.5683,126.9778,51.19,29,31,2.93,KR,1680372403
52,dikson,73.5069,80.5464,15.53,93,100,13.38,RU,1680372518
53,punta arenas,-53.15,-70.9167,51.91,58,40,28.77,CL,1680372380
54,aras,42.5617,-2.356,46.81,57,100,12.66,ES,1680372520
55,mataura,-46.1927,168.8643,55.47,96,63,5.7,NZ,1680372521
56,qaanaaq,77.484,-69.3632,-8.52,74,7,3.31,GL,1680372522
57,laguna,38.421,-121.4238,60.44,62,65,3.0,US,1680372522
58,kandi,11.1342,2.9386,93.34,8,89,4.45,BJ,1680372523
59,sainte-maxime,43.3,6.6333,64.42,48,23,21.09,FR,1680372524
60,khatanga,71.9667,102.5,19.69,93,100,23.2,RU,1680372525
61,ushuaia,-54.8,-68.3,47.86,66,0,12.66,AR,1680372525
62,nacala,-14.5428,40.6728,75.9,88,98,8.12,MZ,1680372526
63,castro,-24.7911,-50.0119,77.45,60,6,4.32,BR,1680372526
64,los llanos de aridane,28.6585,-17.9182,69.55,68,0,16.11,ES,1680372527
65,victoria,22.2855,114.1577,71.65,91,100,11.01,HK,1680372231
66,mandleshwar,22.1833,75.6667,83.17,26,2,5.41,IN,1680372528
67,puerto ayora,-0.7393,-90.3518,87.76,85,57,8.01,EC,1680372528
68,hilo,19.7297,-155.09,75.25,83,100,4.61,US,1680372528
69,orje,59.4802,11.6602,29.64,95,38,3.78,NO,1680372529
70,barrow,71.2906,-156.7887,3.22,92,100,3.44,US,1680372530
71,clyde river,70.4692,-68.5914,-7.37,84,20,13.8,CA,1680372530
72,kashmor,28.4333,69.5833,79.74,44,65,13.89,PK,1680372531
73,ponta delgada,37.7333,-25.6667,66.92,77,0,13.8,PT,1680372531
74,moju,-1.8839,-48.7689,75.22,98,100,2.21,BR,1680372465
75,burns lake,54.2331,-125.7533,31.71,79,95,4.76,CA,1680372533
76,tutoia,-2.7619,-42.2744,77.85,89,100,7.56,BR,1680372533
77,lebu,-37.6167,-73.65,63.34,71,66,9.53,CL,1680372534
78,bethel,41.3712,-73.414,67.05,85,75,12.66,US,1680372534
79,geraldton,-28.7667,114.6,66.61,88,100,4.61,AU,1680372535
80,kaihua,23.3687,104.28,61.16,88,10,5.7,CN,1680372536
81,vaini,-21.2,-175.2,77.16,88,20,5.75,TO,1680372539
82,rocha,-34.4833,-54.3333,70.99,45,52,12.64,UY,1680372540
83,tonantins,-2.8731,-67.8022,80.24,91,100,3.11,BR,1680372541
84,skibbereen,51.55,-9.2667,52.11,68,28,15.68,IE,1680372542
85,grand gaube,-20.0064,57.6608,80.38,72,32,5.99,MU,1680372543
86,ryotsu,38.0833,138.4333,46.63,69,0,13.09,JP,1680372416
87,rivarolo canavese,45.3312,7.717,62.46,21,0,9.22,IT,1680372545
88,marovoay,-16.1,46.6333,80.38,71,90,2.17,MG,1680372546
89,sibolga,1.7427,98.7792,76.51,88,100,2.84,ID,1680372546
90,longyearbyen,78.2186,15.6401,10.24,67,75,11.5,SJ,1680372547
91,chulman,56.8479,124.9104,5.94,93,100,9.82,RU,1680372548
92,talnakh,69.4865,88.3972,16.72,94,100,18.75,RU,1680372548
93,chauk,20.8833,94.8167,82.54,57,0,2.57,MM,1680372549
94,kisangani,0.5167,25.2,71.67,89,93,2.89,CD,1680372291
95,saint-philippe,-21.3585,55.7679,80.19,85,55,11.34,RE,1680372550
96,araouane,18.9048,-3.5265,89.31,5,0,10.25,ML,1680372551
97,touros,-5.1989,-35.4608,83.26,69,100,12.77,BR,1680372552
98,monrovia,6.3005,-10.7969,87.57,77,68,8.3,LR,1680372326
99,gorin,51.1983,136.6669,25.54,95,12,3.2,RU,1680372554
100,norman wells,65.282,-126.8329,13.87,86,100,0.38,CA,1680372554
101,thompson,55.7435,-97.8558,13.71,84,92,6.46,CA,1680372555
102,kasongo-lunda,-6.4667,16.8167,71.33,97,92,2.33,CD,1680372555
103,jumla,29.2747,82.1838,41.13,95,95,1.57,NP,1680372556
104,san patricio,28.017,-97.5169,86.16,54,97,7.54,US,1680372557
105,port moresby,-9.4431,147.1797,75.16,89,100,5.12,PG,1680372558
106,cardston,49.2,-113.3019,41.49,47,98,9.13,CA,1680372559
107,igrim,63.1906,64.4162,34.47,98,100,11.56,RU,1680372559
108,butaritari,3.0707,172.7902,81.41,74,100,11.61,KI,1680372560
109,siocon,7.7061,122.1353,77.25,89,100,1.16,PH,1680372560
110,juba,4.8517,31.5825,82.96,45,93,2.19,SS,1680372561
111,walvis bay,-22.9575,14.5053,63.55,72,15,13.8,NA,1680372339
112,esperance,-33.8667,121.9,64.51,82,99,12.33,AU,1680372562
113,tieli,46.95,128.05,49.23,44,100,6.51,CN,1680372563
114,zahir pir,28.8124,70.524,81.32,36,46,4.65,PK,1680372563
115,carnarvon,-24.8667,113.6333,75.99,75,71,11.52,AU,1680372565
116,paramonga,-10.6667,-77.8333,78.67,77,96,8.34,PE,1680372566
117,cape town,-33.9258,18.4232,66.9,79,0,13.8,ZA,1680371956
118,portland,45.5234,-122.6762,47.08,88,75,12.66,US,1680372322
119,komsomolskiy,40.4272,71.7189,59.72,55,91,4.61,UZ,1680372570
120,manadhoo,5.7667,73.3833,83.41,67,21,7.49,MV,1680372571
121,lieksa,63.3167,30.0167,14.27,94,54,5.21,FI,1680372572
122,stornoway,58.2093,-6.3865,47.03,93,75,8.05,GB,1680372573
123,naze,28.3667,129.4833,63.88,90,26,8.1,JP,1680372575
124,quatre cocos,-20.2078,57.7625,80.1,75,29,10.47,MU,1680372576
125,east london,-33.0153,27.9116,72.54,78,75,6.91,ZA,1680372297
126,antofagasta,-23.65,-70.4,74.48,76,39,6.69,CL,1680372577
127,ponta do sol,32.6667,-17.1,74.71,73,6,10.89,PT,1680372578
128,new norfolk,-42.7826,147.0587,53.92,80,100,2.73,AU,1680372578
129,fowa,8.9167,6.4,93.15,17,12,2.82,NG,1680372579
130,oktyabrskiy,54.4815,53.471,37.45,90,100,3.98,RU,1680372579
131,sao gabriel da cachoeira,-0.1303,-67.0892,78.85,93,97,2.59,BR,1680372580
132,vangaindrano,-23.35,47.6,74.1,93,100,1.92,MG,1680372581
133,yulara,-25.2406,130.9889,59.63,80,77,6.15,AU,1680372581
134,florence,43.7667,11.25,58.68,66,40,6.91,IT,1680372582
135,sur,22.5667,59.5289,81.45,57,43,9.26,OM,1680372582
136,staryy nadym,65.6118,72.6842,34.23,97,100,20.58,RU,1680372582
137,pierre,44.3683,-100.351,33.85,71,0,10.0,US,1680372583
138,asosa,10.0667,34.5333,72.68,24,100,1.19,ET,1680372585
139,kaitangata,-46.2817,169.8464,50.94,91,88,8.43,NZ,1680372586
140,sarankhola,22.3082,89.7897,72.05,85,39,5.3,BD,1680372586
141,richards bay,-28.783,32.0377,70.83,90,32,3.62,ZA,1680372587
142,llodio,43.1432,-2.962,52.5,66,75,18.41,ES,1680372588
143,bengkulu,-3.8004,102.2655,74.53,90,100,4.18,ID,1680372589
144,coos bay,43.3665,-124.2179,49.98,87,100,12.66,US,1680372550
145,fairbanks,64.8378,-147.7164,18.23,65,75,0.0,US,1680372590
146,bonthe,7.5264,-12.505,83.14,71,56,8.37,SL,1680372590
147,port alfred,-33.5906,26.891,71.19,85,0,3.0,ZA,1680372591
148,arraial do cabo,-22.9661,-42.0278,82.26,74,20,13.8,BR,1680372591
149,samana,19.2056,-69.3369,88.02,58,20,11.5,DO,1680372592
150,naryan-mar,67.6713,53.087,6.67,99,86,5.53,RU,1680372411
151,mangan,27.5167,88.5333,58.19,94,100,1.25,IN,1680372593
152,sitka,57.0531,-135.33,39.09,81,75,0.0,US,1680372594
153,cherskiy,68.75,161.3,-27.36,100,99,0.51,RU,1680372594
154,coquimbo,-29.9533,-71.3436,67.73,72,20,11.5,CL,1680372368
155,dum duma,27.5667,95.5667,64.15,97,100,0.49,IN,1680372595
156,nioro,13.35,-15.75,104.27,7,5,8.28,GM,1680372309
157,malabo,3.75,8.7833,80.47,84,96,7.54,GQ,1680372596
158,lata,40.1629,-8.3327,60.08,96,99,6.24,PT,1680372597
159,luderitz,-26.6481,15.1594,61.86,91,7,3.02,NA,1680372597
160,jalu,29.0331,21.5482,72.63,16,0,5.88,LY,1680372599
161,kavieng,-2.5744,150.7967,80.26,80,100,3.51,PG,1680372601
162,coihaique,-45.5752,-72.0662,59.61,58,75,4.61,CL,1680372601
163,san andres,12.5847,-81.7006,86.02,62,100,16.11,CO,1680372308
164,vilyuysk,63.7553,121.6247,-15.74,100,53,5.12,RU,1680372603
165,hegang,47.4,130.3667,43.47,52,100,4.47,CN,1680372604
166,ahipara,-35.1667,173.1667,63.43,93,100,0.47,NZ,1680372605
167,necochea,-38.5473,-58.7368,67.53,36,99,11.97,AR,1680372606
168,kutulik,53.3508,102.7839,6.96,91,22,4.92,RU,1680372607
169,salinopolis,-0.6136,-47.3561,79.63,83,96,10.11,BR,1680372608
170,avarua,-21.2078,-159.775,78.85,89,75,4.61,CK,1680372608
171,padang,-0.9492,100.3543,75.25,87,94,3.53,ID,1680372609
172,port hedland,-20.3167,118.5667,80.65,78,39,6.91,AU,1680372611
173,san luis,-33.295,-66.3356,76.82,40,53,10.13,AR,1680372612
174,kahului,20.8947,-156.47,75.85,78,20,8.99,US,1680372612
175,west bay,19.3667,-81.4167,80.19,73,14,12.39,KY,1680372614
176,villarrica,-25.75,-56.4333,88.92,44,57,6.02,PY,1680372615
177,ashqelon,31.6693,34.5715,60.82,66,0,4.52,IL,1680372616
178,izumo,35.3667,132.7667,49.98,78,76,9.93,JP,1680372617
179,xilagani,40.9833,25.4167,60.19,93,42,4.29,GR,1680372618
180,pedernales,18.0384,-71.744,87.06,44,0,2.39,DO,1680372620
181,goiana,-7.5606,-35.0025,86.52,55,65,11.32,BR,1680372621
182,chuy,-33.6971,-53.4616,70.5,51,14,14.07,UY,1680372622
183,severo-kurilsk,50.6789,156.125,31.68,86,8,14.7,RU,1680372624
184,maloy,61.9353,5.1136,42.53,75,53,3.36,NO,1680372625
185,tura,25.5198,90.2201,63.54,92,30,1.74,IN,1680372627
186,hofn,64.2539,-15.2082,41.92,78,7,8.12,IS,1680372627
187,ilulissat,69.2167,-51.1,12.22,67,0,4.61,GL,1680372628
188,tual,-5.6667,132.75,81.3,77,100,4.59,ID,1680372629
189,barra,-11.0894,-43.1417,90.43,34,50,4.16,BR,1680372630
190,banjar,-8.19,114.9675,76.15,91,100,4.25,ID,1680372631
191,cidreira,-30.1811,-50.2056,71.35,59,58,16.2,BR,1680372632
192,olafsvik,64.8945,-23.7142,39.72,82,94,22.35,IS,1680372632
193,konstantinovka,49.6167,127.9833,47.39,53,100,7.83,RU,1680372634
194,dong hoi,17.4833,106.6,75.11,95,12,6.87,VN,1680372635
195,pevek,69.7008,170.3133,-9.09,97,100,14.58,RU,1680372635
196,peniche,39.3558,-9.3811,62.29,94,46,14.81,PT,1680372637
197,rapid city,44.0805,-103.231,49.32,59,0,5.01,US,1680372637
198,dolinsk,47.35,142.8,22.44,96,41,3.06,RU,1680372638
199,sorkjosen,69.8,20.9333,26.6,93,100,6.91,NO,1680372638
200,uhlove,44.8215,33.6045,51.84,68,95,9.51,UA,1680372639
201,ribeira do pombal,-10.8344,-38.5358,91.81,34,96,6.53,BR,1680372639
202,iqaluit,63.7506,-68.5145,11.7,72,100,8.01,CA,1680372640
203,port lincoln,-34.7333,135.8667,57.34,66,29,10.87,AU,1680372552
204,la ronge,55.1001,-105.2842,25.79,89,100,11.95,CA,1680372641
205,waw,7.7029,27.9953,87.06,23,58,3.09,SS,1680372642
206,carai,-17.1889,-41.6947,90.57,22,9,3.11,BR,1680372642
207,gat,31.61,34.7642,59.81,100,0,4.34,IL,1680372643
208,urucurituba,-2.6833,-57.6667,79.86,80,100,4.65,BR,1680372643
209,taft,31.7471,54.2088,60.75,10,0,13.8,IR,1680372644
210,kodiak,57.79,-152.4072,35.11,48,0,23.02,US,1680372646
211,jiuquan,39.7432,98.5174,37.17,37,100,15.64,CN,1680372647
212,yining,29.0361,114.5636,59.74,87,0,2.57,CN,1680372648
213,juneau,58.3019,-134.4197,36.21,97,75,0.0,US,1680372648
214,saint-pierre,-21.3393,55.4781,80.28,78,75,6.91,RE,1680372649
215,atbasar,51.8,68.3333,25.21,78,2,9.84,KZ,1680372650
216,faanui,-16.4833,-151.75,82.08,72,22,4.76,PF,1680372650
217,auki,-8.7676,160.7034,78.08,85,98,0.38,SB,1680372651
218,sunagawa,43.4864,141.9056,34.66,93,72,4.18,JP,1680372651
219,kawalu,-7.3817,108.2082,72.21,95,100,1.07,ID,1680372652
220,airai,-8.9266,125.4092,60.15,95,100,0.92,TL,1680372652
221,mahebourg,-20.4081,57.7,80.26,83,20,6.91,MU,1680372653
222,pokosnoye,55.5258,101.0536,5.88,96,72,3.78,RU,1680372653
223,sabzevar,36.2126,57.6819,60.12,35,8,7.38,IR,1680372654
224,namibe,-15.1961,12.1522,76.33,82,97,9.33,AO,1680372655
225,buala,-8.145,159.5921,78.87,79,94,2.71,SB,1680372656
226,wawa,9.9022,4.4192,93.27,26,47,4.0,NG,1680372657
227,luwuk,-0.9516,122.7875,77.18,78,100,2.39,ID,1680372657
228,puerto escondido,15.85,-97.0667,88.63,62,0,4.61,MX,1680372659
229,bathsheba,13.2167,-59.5167,81.21,74,40,23.02,BB,1680372660
230,keuruu,62.2667,24.7,30.38,94,10,4.65,FI,1680372661
231,arlit,18.7369,7.3853,82.53,6,1,12.15,NE,1680372662
232,guerrero negro,27.9769,-114.0611,65.01,53,1,12.59,MX,1680372662
233,krasnoselkup,65.7,82.4667,30.63,95,100,28.16,RU,1680372663
234,morrope,-6.5417,-80.0111,86.43,59,81,11.43,PE,1680372663
235,mirnyy,62.5353,113.9611,-16.29,100,42,4.5,RU,1680372664
236,thunder bay,48.4001,-89.3168,28.62,64,50,6.8,CA,1680372665
237,zhigansk,66.7697,123.3711,-17.23,100,80,6.89,RU,1680372667
238,candido mendes,-1.4467,-45.7167,75.65,94,100,0.74,BR,1680372668
239,lompoc,34.6391,-120.4579,62.01,69,0,10.36,US,1680372446
240,sinnamary,5.3833,-52.95,81.12,70,36,12.55,GF,1680372669
241,mosquera,4.7059,-74.2302,62.69,63,75,4.61,CO,1680372378
242,codrington,-38.2667,141.9667,54.32,68,45,3.53,AU,1680372670
243,zhezkazgan,47.8043,67.7144,38.46,34,0,21.52,KZ,1680372671
244,dolores,-36.3132,-57.6792,72.86,23,49,4.61,AR,1680372593
245,ukiah,39.1502,-123.2078,50.85,89,100,0.0,US,1680372672
246,sao filipe,14.8961,-24.4956,79.68,60,0,6.78,CV,1680372674
247,gubkinskiy,64.434,76.5026,34.54,87,100,25.3,RU,1680372676
248,arica,-18.475,-70.3042,80.83,54,0,11.5,CL,1680372677
249,tessalit,20.1986,1.0114,87.08,5,0,8.1,ML,1680372678
250,alofi,-19.0595,-169.9187,80.22,77,47,18.39,NU,1680372678
251,bosaso,11.2842,49.1816,83.32,72,65,2.46,SO,1680372679
252,xining,36.6167,101.7667,44.15,52,100,7.25,CN,1680372680
253,katherine,-14.4667,132.2667,75.52,78,82,3.44,AU,1680372681
254,ada,43.4166,-116.1262,46.65,77,75,12.66,US,1680372683
255,medina,24.4686,39.6142,79.23,11,0,4.61,SA,1680372373
256,mayor pablo lagerenza,-19.9309,-60.7718,96.64,33,38,3.51,PY,1680372684
257,georgetown,5.4112,100.3354,84.13,74,20,0.0,MY,1680372643
258,port blair,11.6667,92.75,79.59,73,36,2.84,IN,1680372685
259,puerto ayacucho,5.6639,-67.6236,77.2,82,100,6.31,VE,1680372685
260,zaria,11.1113,7.7227,84.69,11,62,10.25,NG,1680372686
261,bandarbeyla,9.4942,50.8122,81.61,71,26,9.78,SO,1680372687
262,churachandpur,24.3333,93.6667,56.73,97,84,2.1,IN,1680372688
263,west wendover,40.7391,-114.0733,52.81,28,0,9.22,US,1680372628
264,kinel-cherkassy,53.4706,51.4743,41.59,77,100,7.78,RU,1680372436
265,caracuaro,19.0106,-101.1264,96.49,16,13,4.23,MX,1680372689
266,hithadhoo,-0.6,73.0833,82.54,71,78,5.1,MV,1680372690
267,halifax,44.6453,-63.5724,36.68,95,100,19.57,CA,1680372107
268,edd,13.9297,41.6925,78.87,75,85,9.53,ER,1680372691
269,port macquarie,-31.4333,152.9167,62.02,87,29,9.89,AU,1680372692
270,marathon,44.9,-89.7668,35.13,74,40,13.8,US,1680372693
271,ciupercenii noi,43.9097,22.9483,50.02,80,96,20.65,RO,1680372694
272,yumen,40.2833,97.2,33.87,34,82,14.72,CN,1680372697
273,tondano,1.3038,124.9112,66.29,94,100,2.24,ID,1680372698
274,skotterud,59.9828,12.1283,26.51,96,22,2.73,NO,1680372699
275,tuatapere,-46.1333,167.6833,52.84,94,71,13.38,NZ,1680372700
276,bira,49.0,132.4667,37.72,57,100,2.55,RU,1680372701
277,whitehorse,60.7161,-135.0538,33.1,85,100,3.0,CA,1680372701
278,college,64.8569,-147.8028,18.21,63,75,0.0,US,1680372702
279,santa cruz,-17.8,-63.1667,86.05,54,40,13.8,BO,1680372703
280,tiksi,71.6872,128.8694,-2.22,83,49,21.9,RU,1680372703
281,saskylakh,71.9167,114.0833,12.74,92,100,16.22,RU,1680372704
282,matay,28.419,30.7792,65.5,28,0,9.51,EG,1680372705
283,cabo san lucas,22.8909,-109.9124,87.62,60,20,8.05,MX,1680372705
284,mondeville,49.175,-0.3224,50.74,93,75,16.11,FR,1680372706
285,bambanglipuro,-7.95,110.2833,76.03,84,100,3.18,ID,1680372706
286,manama,26.2154,50.5832,68.94,51,0,24.16,BH,1680372707
287,port elizabeth,-33.918,25.5701,67.32,77,0,1.01,ZA,1680372504
288,linxia,35.6003,103.2064,49.53,39,96,13.65,CN,1680372709
289,harper,4.375,-7.7169,82.47,76,50,6.85,LR,1680372710
290,irbil,36.1926,44.0106,42.62,75,32,4.61,IQ,1680372710
291,amapa,1.0,-52.0,83.35,69,89,8.55,BR,1680372711
292,alta floresta,-9.8756,-56.0861,74.21,94,100,0.69,BR,1680372711
293,lenoir,35.2335,-77.6497,78.96,57,100,20.71,US,1680372616
294,vagay,57.9375,69.0217,32.92,70,80,13.09,RU,1680372712
295,japura,-0.3167,102.35,73.78,97,99,0.89,ID,1680372713
296,am timan,11.0297,20.2827,90.23,11,7,4.83,TD,1680372713
297,lavrentiya,65.5833,-171.0,18.81,97,100,5.48,RU,1680372714
298,kirkenaer,60.4564,12.0582,25.03,97,40,2.48,NO,1680372714
299,jhinjhak,26.5667,79.7333,74.19,45,23,5.17,IN,1680372715
300,fougamou,-1.2154,10.5838,74.01,95,91,2.71,GA,1680372716
301,vila franca do campo,37.7167,-25.4333,66.61,76,98,11.74,PT,1680372716
302,patitirion,39.15,23.8667,67.37,64,68,20.0,GR,1680372717
303,resistencia,-27.4606,-58.9839,78.1,52,0,8.46,AR,1680372717
304,vanimo,-2.6741,141.3028,76.98,88,61,4.94,PG,1680372718
305,batticaloa,7.7102,81.6924,80.08,81,0,8.61,LK,1680372583
306,vardo,70.3705,31.1107,26.58,93,100,32.21,NO,1680372719
307,banda aceh,5.5577,95.3222,79.93,80,87,4.18,ID,1680372719
308,paranhos,-23.8928,-55.4311,86.5,56,18,2.93,BR,1680372720
309,peachland,49.7665,-119.7357,47.86,40,97,6.42,CA,1680372672
310,dakar,14.6937,-17.4441,95.88,58,0,10.56,SN,1680372556
311,okhotsk,59.3833,143.3,22.53,97,100,0.07,RU,1680372721
312,acapulco,16.8634,-99.8901,87.62,58,0,9.22,MX,1680372488
313,husavik,66.0449,-17.3389,36.45,90,78,7.94,IS,1680372724
314,smithers,54.7804,-127.1743,37.72,60,20,4.61,CA,1680372725
315,altay,47.8667,88.1167,16.23,49,95,9.75,CN,1680372725
316,saint pete beach,27.7253,-82.7412,87.26,73,40,14.97,US,1680372726
317,pitkyaranta,61.5734,31.4792,29.03,95,99,7.0,RU,1680372726
318,yarada,17.65,83.2667,79.12,89,40,2.3,IN,1680372728
319,nehe,48.4833,124.8333,55.2,36,100,9.57,CN,1680372729
320,cabildo,-38.4842,-61.8954,71.33,26,93,17.94,AR,1680372729
321,narsaq,60.9167,-46.05,34.02,67,70,3.36,GL,1680372730
322,hualmay,-11.0964,-77.6139,79.02,75,95,8.46,PE,1680372730
323,meulaboh,4.1363,96.1285,77.09,88,90,3.6,ID,1680372731
324,mandalgovi,45.7625,106.2708,14.77,80,100,24.09,MN,1680372731
325,novaci,45.1833,23.6667,47.43,96,100,1.5,RO,1680372447
326,nome,64.5011,-165.4064,28.47,93,100,14.97,US,1680372732
327,te anau,-45.4167,167.7167,52.5,94,54,1.19,NZ,1680372733
328,nemuro,43.3236,145.575,33.1,87,11,18.43,JP,1680372536
329,redlands,34.0556,-117.1825,69.93,39,0,1.99,US,1680372444
330,mazagao,-0.115,-51.2894,89.65,84,93,4.25,BR,1680372734
331,kaifeng,34.7911,114.3483,56.43,72,32,9.37,CN,1680372735
332,marawi,7.9986,124.2928,68.95,97,100,2.98,PH,1680372736
333,ilam,26.9167,87.9167,57.22,87,99,2.04,NP,1680372608
334,sabang,5.8933,95.3214,82.63,73,92,3.8,ID,1680372738
335,novyy urengoy,66.0833,76.6333,33.6,94,100,20.51,RU,1680372739
336,evanston,42.0411,-87.6901,42.35,73,100,26.46,US,1680372740
337,hamilton,39.1834,-84.5333,51.44,59,75,29.93,US,1680372740
338,klaksvik,62.2266,-6.589,45.52,87,96,22.12,FO,1680372741
339,estelle,29.8458,-90.1067,86.0,72,75,9.22,US,1680372591
340,carutapera,-1.195,-46.02,75.96,94,100,2.1,BR,1680372743
341,birjand,32.8663,59.2211,63.97,32,8,5.88,IR,1680372606
342,sabanalarga,10.6296,-74.9206,86.88,35,95,10.07,CO,1680372744
343,burnie,-41.0667,145.9167,49.95,90,97,7.78,AU,1680372745
344,boa vista,2.8197,-60.6733,89.58,43,40,14.97,BR,1680372746
345,pacific grove,36.6177,-121.9166,59.81,59,0,9.22,US,1680372496
346,biak,-0.9131,122.8766,75.97,77,100,2.13,ID,1680372748
347,mayo,38.8876,-76.5119,74.14,78,0,11.5,US,1680372748
348,saint anthony,45.0205,-93.218,35.38,71,0,8.05,US,1680372749
349,lexington,37.9887,-84.4777,67.89,39,0,27.63,US,1680372596
350,mbandaka,0.0487,18.2603,77.58,71,64,3.18,CD,1680372750
351,dingle,10.9995,122.6711,76.15,83,83,4.76,PH,1680372751
352,nizhniy kuranakh,58.8353,125.4869,4.28,98,100,2.75,RU,1680372734
353,storforshei,66.4043,14.5233,28.18,59,64,3.44,NO,1680372752
354,vrangel,42.7297,133.0839,37.53,67,17,7.72,RU,1680372754
355,chicama,-7.8447,-79.1469,84.43,62,87,10.89,PE,1680372755
356,ancud,-41.8697,-73.8203,57.87,77,85,8.66,CL,1680372755
357,rocky mountain house,52.3668,-114.9188,39.31,38,99,3.44,CA,1680372756
358,ugoofaaru,5.6667,73.0,82.99,70,42,7.7,MV,1680372756
359,kurchum,48.5722,83.6542,22.78,55,0,13.89,KZ,1680372757
360,lisakovsk,52.5369,62.4936,32.83,71,6,10.71,KZ,1680372757
361,ribeira grande,38.5167,-28.7,64.8,88,40,15.99,PT,1680372758
362,berlevag,70.8578,29.0864,28.35,69,100,25.32,NO,1680372758
363,saint-augustin,51.226,-58.6502,35.04,57,75,10.13,CA,1680372758
364,cockburn town,21.4612,-71.1419,80.56,61,40,11.5,TC,1680372733
365,pangnirtung,66.1451,-65.7125,10.4,52,75,4.61,CA,1680372760
366,doha,25.2867,51.5333,67.98,54,0,23.02,QA,1680372749
367,umba,66.6871,34.3429,22.08,94,91,5.41,RU,1680372761
368,beberibe,-4.1797,-38.1306,82.63,72,79,6.71,BR,1680372495
369,bontang,0.1333,117.5,76.75,83,100,4.34,ID,1680372490
370,salalah,17.0151,54.0924,82.49,78,75,9.22,OM,1680372762
371,ornskoldsvik,63.2909,18.7153,29.35,59,8,4.61,SE,1680372763
372,lagoa,39.05,-27.9833,60.94,87,100,21.61,PT,1680372763
373,sri aman,1.2376,111.4621,74.37,90,100,0.36,MY,1680372764
374,krasnovishersk,60.4078,57.082,36.43,95,100,11.63,RU,1680372764
375,hoa binh,20.8133,105.3383,76.24,96,96,3.47,VN,1680372765
376,moindou,-21.6924,165.677,76.95,87,21,2.37,NC,1680372765
377,nouadhibou,20.931,-17.0347,89.58,25,0,10.36,MR,1680372763
378,kalinovskaya,43.5758,45.5192,42.08,75,100,6.82,RU,1680372766
379,qui nhon,13.7667,109.2333,75.78,85,90,4.97,VN,1680372767
380,dudinka,69.4058,86.1778,23.27,95,100,23.96,RU,1680372768
381,half moon bay,37.4636,-122.4286,61.45,63,0,8.05,US,1680372769
382,quelimane,-17.8786,36.8883,74.48,81,100,4.09,MZ,1680372770
383,romitan,39.9343,64.3814,66.15,48,0,0.0,UZ,1680372771
384,umm lajj,25.0213,37.2685,71.49,56,5,13.51,SA,1680372772
385,ternate,0.8,127.4,79.03,85,100,7.09,ID,1680372475
386,kaabong,3.4836,34.1492,69.1,64,96,4.45,UG,1680372775
387,anadyr,64.75,177.4833,5.5,84,20,22.37,RU,1680372776
388,polson,47.6936,-114.1632,41.72,80,100,8.99,US,1680372777
389,keti bandar,24.1447,67.4497,77.02,66,1,13.2,PK,1680372778
390,nalut,30.3333,10.85,75.15,12,0,7.7,LY,1680372778
391,luganville,-15.5333,167.1667,78.85,87,73,2.01,VU,1680372779
392,ulagan,50.6321,87.9563,2.91,98,98,3.04,RU,1680372779
393,torbay,47.6666,-52.7314,42.89,50,75,17.27,CA,1680372780
394,maragogi,-9.0122,-35.2225,82.06,69,50,8.34,BR,1680372781
395,flinders,-34.5833,150.8552,61.18,88,75,4.0,AU,1680372782
396,show low,34.2542,-110.0298,59.29,12,0,17.27,US,1680372500
397,presidente medici,-11.1753,-61.9014,79.63,87,100,2.1,BR,1680372566
398,beloha,-25.1667,45.05,72.52,89,89,10.04,MG,1680372783
399,talaya,61.3833,152.75,6.48,97,76,3.91,RU,1680372784
400,shahabad,27.65,79.95,69.31,65,13,5.57,IN,1680372785
401,itoman,26.1247,127.6694,68.4,77,20,25.32,JP,1680372786
402,manokwari,-0.8667,134.0833,77.49,84,98,3.89,ID,1680372787
403,tochio,37.4667,139.0,41.05,78,0,2.68,JP,1680372788
404,rolante,-29.6506,-50.5758,75.54,45,0,7.2,BR,1680372595
405,praia,14.9215,-23.5087,90.14,23,0,18.41,CV,1680372789
406,buta,2.7858,24.73,76.68,64,98,3.22,CD,1680372790
407,biloxi,30.396,-88.8853,84.25,69,40,16.11,US,1680372732
408,leshukonskoye,64.8989,45.7622,25.9,97,100,3.69,RU,1680372791
409,san quintin,30.4833,-115.95,61.0,64,0,14.16,MX,1680372792
410,bukachacha,52.9833,116.9167,21.49,64,97,6.02,RU,1680372792
411,solnechnyy,50.7214,136.6319,29.1,85,8,4.5,RU,1680372793
412,mapiripan,2.8892,-72.1256,83.12,65,93,1.39,CO,1680372794
413,gasa,31.5,34.4667,53.89,65,0,5.26,PS,1680372794
414,isangel,-19.55,169.2667,78.21,87,4,4.25,VU,1680372795
415,valencia,39.3333,-0.8333,72.68,35,15,23.0,ES,1680372296
416,la palma,33.8464,-118.0467,71.82,56,0,4.0,US,1680372796
417,strezhevoy,60.7333,77.5889,30.31,85,100,14.92,RU,1680372797
418,french harbor,16.35,-86.4333,84.2,74,20,19.57,HN,1680372797
419,waycross,31.2136,-82.354,84.97,58,75,17.27,US,1680372798
420,genhe,50.7833,121.5167,31.64,96,99,3.6,CN,1680372799
421,vanavara,60.34,102.2797,-10.86,100,38,2.44,RU,1680372800
422,sovetskiy,61.3614,63.5842,37.71,94,100,11.9,RU,1680372801
423,koslan,63.4564,48.8989,23.59,97,99,3.71,RU,1680372802
424,iberia,29.9502,-91.7507,87.87,45,75,11.5,US,1680372802
425,souillac,-20.5167,57.5167,79.18,83,20,6.91,MU,1680372750
426,chumikan,54.7183,135.315,29.86,97,90,4.54,RU,1680372804
427,kiri buru,22.0833,85.35,72.39,59,36,3.78,IN,1680372804
428,marystown,47.1666,-55.1483,35.82,66,80,13.53,CA,1680372805
429,sande,53.5049,8.0142,42.03,89,100,21.77,DE,1680372806
430,yumaguzino,52.9041,56.3933,35.64,79,94,7.76,RU,1680372806
431,blatnica,44.4864,17.8233,44.8,90,41,5.26,BA,1680372807
432,socorro,31.6546,-106.3033,70.81,9,40,4.61,US,1680372808
433,antipino,57.1068,65.7576,37.69,72,95,13.31,RU,1680372808
434,yidu,24.1614,115.1328,66.99,97,96,1.39,CN,1680372809
435,duzce,40.8389,31.1639,56.5,67,99,7.43,TR,1680372809
436,katsuura,35.1333,140.3,59.02,77,98,11.03,JP,1680372768
437,yuxia,34.0615,108.6291,63.54,68,9,8.79,CN,1680372810
438,kanniyakumari,8.0833,77.5667,81.0,81,1,11.43,IN,1680372811
439,benjamin constant,-4.3831,-70.0311,87.93,70,40,4.61,BR,1680372811
440,caxito,-8.5785,13.6643,76.28,88,40,4.47,AO,1680372812
441,saint-joseph,-21.3667,55.6167,79.18,86,47,9.1,RE,1680372751
442,narasapur,16.45,81.6667,79.36,85,39,7.18,IN,1680372813
443,abu kamal,34.4506,40.9171,59.72,36,10,3.44,SY,1680372816
444,hohhot,40.8106,111.6522,50.9,58,86,10.74,CN,1680372627
445,muros,42.7762,-9.0603,59.68,52,28,11.79,ES,1680372766
446,markova,48.6758,24.4138,45.95,84,90,1.45,UA,1680372818
447,kieta,-6.2167,155.6333,77.56,84,69,3.0,PG,1680372819
448,zhurivka,50.5028,31.7849,50.76,71,100,18.21,UA,1680372819
449,san joaquin,37.9333,-121.3011,61.32,54,0,4.61,US,1680372820
450,edmundston,47.3737,-68.3251,34.03,90,100,12.66,CA,1680372755
451,aldergrove,49.058,-122.4709,47.41,71,75,12.66,CA,1680372821
452,menongue,-14.6585,17.691,66.52,86,92,0.96,AO,1680372821
453,wanning,18.8003,110.3967,76.64,90,25,7.9,CN,1680372822
454,dwarka,22.2394,68.9678,76.64,76,15,12.39,IN,1680372822
455,mount gambier,-37.8333,140.7667,48.54,83,40,0.96,AU,1680372823
456,yeroham,30.9872,34.9314,55.35,57,0,10.09,IL,1680372823
457,abu dhabi,24.4667,54.3667,73.51,79,20,10.36,AE,1680372824
458,vegachi,6.7614,-74.7947,80.22,67,77,1.36,CO,1680372824
459,ambunti,-4.2365,142.8448,73.06,99,71,0.72,PG,1680372825
460,hearst,49.6835,-83.6665,23.25,79,66,10.07,CA,1680372826
461,manaul,12.453,121.4107,77.43,71,89,5.03,PH,1680372826
462,pout,14.7739,-17.0603,95.76,14,0,9.22,SN,1680372827
463,vicuna,-30.0319,-70.7081,60.53,31,12,8.14,CL,1680372827
464,lorengau,-2.0226,147.2712,80.04,79,98,4.23,PG,1680372828
465,bure,10.7,37.0667,67.73,30,95,5.03,ET,1680372828
466,lima,-12.0432,-77.0282,80.85,65,0,9.22,PE,1680372629
467,kunda,25.7167,81.5167,72.79,57,5,5.08,IN,1680372829
468,kudat,6.8837,116.8477,79.09,81,100,3.62,MY,1680372830
469,kyren,51.6828,102.1408,9.57,81,90,1.36,RU,1680372831
470,morondava,-20.2833,44.2833,79.83,83,83,6.15,MG,1680372832
471,kita,13.0349,-9.4895,100.8,5,57,7.31,ML,1680372834
472,praia da vitoria,38.7333,-27.0667,66.45,82,20,16.98,PT,1680372835
473,ginir,7.1333,40.7,61.34,79,32,3.91,ET,1680372836
474,yamada,39.4667,141.95,42.66,80,28,6.91,JP,1680372837
475,coahuayana,18.7333,-103.6833,91.53,29,33,7.94,MX,1680372838
476,fortuna,40.5982,-124.1573,51.93,89,100,1.99,US,1680372839
477,bida,9.0833,6.0167,95.36,20,22,1.23,NG,1680372840
478,kudahuvadhoo,2.6708,72.8944,82.45,70,17,2.8,MV,1680372840
479,valpacos,41.6075,-7.3109,55.83,71,82,10.2,PT,1680372841
480,dir,35.2058,71.8756,50.99,89,95,0.18,PK,1680372841
481,darhan,49.4867,105.9228,16.32,83,100,19.13,MN,1680372842
482,xuddur,4.1213,43.8894,86.36,43,81,9.62,SO,1680372843
483,takahata,38.0025,140.1911,42.37,77,0,1.45,JP,1680372844
484,arman,59.7,150.1667,26.02,99,98,2.75,RU,1680372844
485,iralaya,15.0,-83.2333,82.53,67,48,13.96,HN,1680372845
486,aden,12.7794,45.0367,82.9,81,12,8.1,YE,1680372847
487,pendleton,45.6721,-118.7886,50.23,62,75,21.85,US,1680372847
488,puerto colombia,10.9878,-74.9547,87.89,72,89,23.09,CO,1680372848
489,alpena,45.0617,-83.4327,30.52,94,100,20.71,US,1680372849
490,sterling,39.0062,-77.4286,75.7,56,20,13.0,US,1680372733
491,pisco,-13.7,-76.2167,77.02,81,36,7.25,PE,1680372850
492,kailua,21.4022,-157.7394,76.98,81,100,4.0,US,1680372850
493,valdivia,-39.8142,-73.2459,59.09,68,100,1.72,CL,1680372692
494,plettenberg bay,-34.0527,23.3716,63.05,82,0,5.08,ZA,1680372852
495,jiayuguan,39.8167,98.3,34.07,41,100,14.45,CN,1680372853
496,imeni poliny osipenko,52.4201,136.4853,24.06,95,7,2.71,RU,1680372853
497,marsh harbour,26.5412,-77.0636,76.86,75,25,15.75,BS,1680372854
498,sao joao da barra,-21.6403,-41.0511,89.69,73,65,11.45,BR,1680372855
499,huacho,-11.1067,-77.605,79.32,74,95,8.41,PE,1680372856
500,quesnel,52.9999,-122.5029,41.5,52,0,2.3,CA,1680372857
501,central point,42.376,-122.9164,45.84,82,100,5.75,US,1680372857
502,outlook,51.5001,-107.0513,32.58,97,27,3.67,CA,1680372858
503,ipixuna,-1.7625,-48.8043,74.97,97,100,2.48,BR,1680372858
504,lewistown,40.5992,-77.5714,76.15,64,0,14.97,US,1680372859
505,hami,42.8,93.45,34.77,25,45,12.91,CN,1680372776
506,anaco,9.4389,-64.4728,88.47,43,86,11.52,VE,1680372861
507,maniitsoq,65.4167,-52.9,21.72,55,58,2.21,GL,1680372862
508,chapais,49.7834,-74.8492,28.18,94,100,8.14,CA,1680372863
509,kurilsk,45.2333,147.8833,28.26,88,55,9.78,RU,1680372938
510,maarianhamina,60.0973,19.9348,32.83,69,0,8.05,AX,1680372939
511,brae,60.3964,-1.353,43.75,72,91,9.73,GB,1680372720
512,panguna,-6.3164,155.4848,66.92,94,87,1.92,PG,1680372940
513,velyka oleksandrivka,47.3197,33.3037,46.87,83,88,10.45,UA,1680372940
514,kargat,55.1956,80.2811,15.33,90,76,5.97,RU,1680372941
515,kargasok,59.0556,80.8572,26.08,81,100,13.29,RU,1680372941
516,de aar,-30.6497,24.0123,72.28,23,26,6.08,ZA,1680372942
517,inndyr,67.0338,14.0276,33.84,74,90,4.79,NO,1680372943
518,kahuta,33.5913,73.3868,58.86,79,48,4.21,PK,1680372943
519,aksha,50.2814,113.2867,25.11,42,100,11.18,RU,1680372944
520,caaguazu,-25.45,-56.0167,85.17,53,60,5.64,PY,1680372944
521,zlitan,32.4674,14.5687,70.12,42,26,4.14,LY,1680372945
522,lake cowichan,48.825,-124.0546,46.53,89,73,5.39,CA,1680372917
523,beyneu,45.3167,55.2,58.93,22,100,16.58,KZ,1680372946
524,zalantun,48.0,122.7167,54.84,40,100,2.44,CN,1680372946
525,seguela,7.9611,-6.6731,92.28,31,41,3.91,CI,1680372790
526,alekseyevsk,57.8406,108.3492,-4.5,100,66,1.12,RU,1680372947
527,paredon,16.0333,-93.8667,87.71,57,39,12.64,MX,1680372948
528,wau,7.7029,27.9953,87.06,23,58,3.09,SS,1680372948
529,san cristobal,7.7669,-72.225,66.38,60,93,6.53,VE,1680372797
530,yerbogachen,61.2767,108.0108,-15.97,100,25,3.31,RU,1680372949
531,roald,62.5833,6.1333,41.09,60,0,11.5,NO,1680372950
532,timizart,36.8,4.2667,57.29,82,87,4.99,DZ,1680372951
533,ketchikan,55.3422,-131.6461,37.87,87,75,13.8,US,1680372763
534,grand valley,43.9001,-80.3164,50.52,69,24,16.89,CA,1680372953
535,belyy yar,53.6039,91.3903,8.49,78,0,0.0,RU,1680372954
536,ballina,-28.8667,153.5667,57.78,89,22,7.25,AU,1680372956
537,gazojak,41.1875,61.4036,67.08,22,100,5.5,TM,1680372748
538,balakhta,55.38,91.6,3.56,97,71,2.46,RU,1680372957
539,saint-georges,12.0564,-61.7485,83.88,65,100,28.77,GD,1680372947
540,havre-saint-pierre,50.2334,-63.5986,35.96,69,75,14.97,CA,1680372958
541,vestmannaeyjar,63.4427,-20.2734,43.79,75,75,19.57,IS,1680372959
542,yei,4.095,30.6779,72.41,59,94,3.58,SS,1680372959
543,kununurra,-15.7667,128.7333,76.98,83,37,0.0,AU,1680372960
544,malindi,-3.2175,40.1191,82.45,81,30,13.2,KE,1680372960
545,acarau,-2.8856,-40.12,82.71,73,90,8.81,BR,1680372813
546,santa cruz de la palma,28.6835,-17.7642,75.34,50,0,14.97,ES,1680372961
547,jining,35.405,116.5814,51.51,57,0,9.82,CN,1680372962
548,atar,20.5169,-13.0499,96.6,4,0,15.79,MR,1680372778
549,douentza,14.9951,-2.9517,93.6,5,23,8.39,ML,1680372963
550,sambava,-14.2667,50.1667,77.63,88,100,5.73,MG,1680372963
551,tarauaca,-8.1614,-70.7656,79.23,92,100,2.21,BR,1680372720
552,coalinga,36.1397,-120.3602,59.25,63,20,4.92,US,1680372607
553,dobryanka,58.4619,56.4165,35.11,92,100,9.19,RU,1680372967
554,havelock,34.8791,-76.9013,77.99,80,75,21.85,US,1680372771
555,yevlax,40.6089,47.1492,44.58,93,100,4.61,AZ,1680372971
556,broken hill,-31.95,141.4333,52.25,52,0,9.84,AU,1680372972
557,ilinskiy,55.619,38.1182,43.18,87,75,7.0,RU,1680372973
558,morant bay,17.8815,-76.4093,83.71,68,26,13.53,JM,1680372762
559,neyshabur,36.2133,58.7958,60.89,26,2,4.47,IR,1680372974
560,leningradskiy,69.3833,178.4167,6.15,93,100,25.08,RU,1680372739
561,mount isa,-20.7333,139.5,74.97,35,100,8.05,AU,1680372750
562,inhambane,-23.865,35.3833,75.18,88,20,6.2,MZ,1680372775
563,ilo,-17.6394,-71.3375,77.86,73,0,10.36,PE,1680372975
564,warkworth,-36.4,174.6667,64.49,93,100,4.41,NZ,1680372976
565,sangar,63.9242,127.4739,-12.66,92,53,10.22,RU,1680372977
566,taoudenni,22.6783,-3.9836,92.53,5,0,9.22,ML,1680372947
567,iwanai,42.9744,140.5089,36.28,93,57,2.44,JP,1680372978
568,nyirabrany,47.5531,22.024,53.24,78,100,5.17,HU,1680372979
569,launceston,-41.45,147.1667,44.24,87,83,2.3,AU,1680372980
570,vaijapur,19.9167,74.7333,79.88,30,29,10.65,IN,1680372980
571,zyryanka,65.75,150.85,-2.49,98,100,12.86,RU,1680372982
572,yelizovo,53.1873,158.3805,24.94,73,0,4.47,RU,1680372983
573,ushtobe,45.2514,77.9838,27.09,34,0,28.83,KZ,1680372985
574,saint george,37.1041,-113.5841,55.94,42,0,4.61,US,1680372723
575,berdigestyakh,62.0989,126.6992,-3.35,92,50,8.52,RU,1680372988
576,urbano santos,-3.2078,-43.4036,75.42,96,99,4.16,BR,1680372989
577,bayan,46.0833,127.4,51.55,30,98,6.15,CN,1680372790
578,kavaratti,10.5669,72.642,81.72,68,7,8.52,IN,1680372759
579,zaysan,47.4667,84.8667,23.38,51,38,9.46,KZ,1680372991
580,pudozh,61.8099,36.5345,25.52,97,100,2.84,RU,1680372992
581,quzhou,28.9594,118.8686,58.62,90,0,3.06,CN,1680372992
582,shieli,44.1667,66.75,48.88,15,17,28.77,KZ,1680372993
583,high rock,26.6208,-78.2833,82.42,76,32,13.49,BS,1680372993
584,plyussa,58.4308,29.3654,32.63,98,100,7.36,RU,1680372994
585,miraflores,19.2167,-98.8083,79.56,20,1,2.51,MX,1680372994
586,smiltene,57.4244,25.9016,32.56,98,100,9.33,LV,1680372995
587,dalbandin,28.8947,64.4101,77.59,20,7,15.57,PK,1680372803
588,rio gallegos,-51.6226,-69.2181,55.45,35,40,24.16,AR,1680372995
589,kedrovyy,56.1667,91.8167,0.01,98,66,2.13,RU,1680372733
590,nixa,37.0434,-93.2944,55.08,50,1,8.01,US,1680372997
591,kissidougou,9.1848,-10.0999,86.29,35,67,3.42,GN,1680372999
592,sakakah,29.9697,40.2064,60.37,26,0,7.83,SA,1680372999
593,sibi,29.5448,67.8764,80.83,40,35,3.0,PK,1680372945
